Name,Rating
Codere,9.6
Luckia,9.5
DAZN Bet,9.4
William Hill,9.3
Kirolbet,9.2
Bet365,9.2
Paf,9.1
LeoVegas,9.0
Versus,9.0
CGM Apuestas,9.0
Casumo,9.0
Sportium,9.0
JOKERBET,9.0
Marca Apuestas,9.0
Marathonbet,8.9
Betway,8.9
Tonybet,8.9
888Sport,8.9
Betsson,8.8
YoSports,8.8
Betfair,8.7
Olybet,8.7
Past√≥n,8.6
Suertia,8.6
1xBet,8.6
Bet777,8.6
Yaass Apuestas,8.5
PokerStarsSports,8.5
Enracha,8.5
CB Apuestas,8.1
Efbet,8.1
RETAbet,8.0
iJuego,8.0
Bwin,7.8
Interwetten,7.8
AdmiralBet,7.6
Winamax,7.2
eBingo,6.7
Juegging,6.4
GoldenPark,6.2
Mondobets,5.7
Dafabet,5.6
Mr Green,5.5
Aupabet,5.3
ZEbet,5.1
